Affiliation,currency,usd_value
#おつベビ,AUD,14.830089132706854
#おつベビ,HKD,13.1796902686962
#おつベビ,JPY,4091.5531645670276
#おつベビ,KRW,1.6099329318674118
#おつベビ,NT$,11.123701007615685
#おつベビ,Other,9.26178185399847
#おつベビ,SGD,3.4242616703715467
#おつベビ,USD,30.0
.Live,AUD,123.3454927076728
.Live,CAD,55.63507899679784
.Live,EUR,86.78681800000001
.Live,HKD,6.3698637905027615
.Live,JPY,30818.135113866345
.Live,KRW,1.7847535730158361
.Live,NT$,230.090952646282
.Live,USD,35.0
.live,AUD,61.33170970973471
.live,CAD,229.55487290297623
.live,EUR,322.91352
.live,GBP,43.01851723783872
.live,HKD,716.626007526357
.live,JPY,1219278.6333609961
.live,KRW,310.16926855376926
.live,NT$,5100.78685330717
.live,Other,177.48368960762198
.live,SGD,7.439616533864543
.live,USD,7703.54
22/7,AUD,1.618101142124229
22/7,HKD,5.519477805639875
22/7,JPY,2126.4953065171526
22/7,KRW,10.566504425419724
22/7,NT$,16.09039224800658
3R Gaming,JPY,92.72391097301585
3R Gaming,Other,1575.4782986883674
3R Gaming,USD,626.85
4 REALITY,Other,21.29787353378985
541 E&C,AUD,1385.2994760727524
541 E&C,CAD,391.4072946612641
541 E&C,EUR,529.9347
541 E&C,GBP,28.842374070038524
541 E&C,HKD,630.9488233533227
541 E&C,JPY,4481.17648934571
541 E&C,KRW,11473.23156776721
541 E&C,NT$,4019.2458494716775
541 E&C,Other,744.29027736033
541 E&C,SGD,63.24906743696649
541 E&C,USD,6850.05
774 inc.,AUD,1903.327216697878
774 inc.,CAD,1752.8648005342973
774 inc.,EUR,6496.473663
774 inc.,GBP,6167.1821941632115
774 inc.,HKD,6937.345987169004
774 inc.,JPY,3308829.250338927
774 inc.,KRW,13164.072357425013
774 inc.,NT$,14206.615194220005
774 inc.,Other,6639.870392972248
774 inc.,SGD,606.8302476137104
774 inc.,USD,28861.92
7th Colors Project,HKD,5.13214995555288
7th Colors Project,JPY,14116.836527129992
7th Colors Project,NT$,85.1931103609349
7th Colors Project,Other,42.465098583143686
7th Colors Project,SGD,346.03163629171644
7th Colors Project,USD,60.0
8THiR3AL Projekt,AUD,111.7022867761565
8THiR3AL Projekt,CAD,228.96199569291733
8THiR3AL Projekt,EUR,52.230901
8THiR3AL Projekt,GBP,15.025743675699827
8THiR3AL Projekt,HKD,136.54470751761295
8THiR3AL Projekt,JPY,81.45028673771827
8THiR3AL Projekt,NT$,21.874081610273784
8THiR3AL Projekt,Other,3693.221769400372
8THiR3AL Projekt,SGD,45.75411019335873
8THiR3AL Projekt,USD,2541.76
AKA Virtual,AUD,105.52014509135736
AKA Virtual,CAD,87.90221368772491
AKA Virtual,EUR,52.3384
AKA Virtual,JPY,2834.272861070998
AKA Virtual,KRW,320.87671162762575
AKA Virtual,NT$,19.902641736671125
AKA Virtual,Other,4204.720303119725
AKA Virtual,SGD,919.0661793485991
AKA Virtual,USD,11083.34
ALIVE MUSIX,AUD,322.8797544219173
ALIVE MUSIX,CAD,372.43093678518596
ALIVE MUSIX,EUR,78.4485
ALIVE MUSIX,GBP,261.52288346888736
ALIVE MUSIX,HKD,1337.255208035524
ALIVE MUSIX,JPY,77078.08246706463
ALIVE MUSIX,KRW,1308.2894568204863
ALIVE MUSIX,NT$,2091.7318627968884
ALIVE MUSIX,Other,722.1364881401664
ALIVE MUSIX,SGD,114.54242832658753
ALIVE MUSIX,USD,793.42
ALTERLY,JPY,15.145081387119603
ALTERLY,Other,176.47832369910458
AOI ID,Other,68.09549403511613
AOI ID,SGD,1.458244718559478
ASPIRA Project,JPY,82.4309382461827
ASPIRA Project,KRW,146.59265497623417
ASPIRA Project,NT$,40.06754996079237
ASPIRA Project,Other,469.99153961372656
Aether,JPY,56.45113715749436
Aether,Other,80.65075761064166
Aetheria,AUD,83.26171498226981
Aetheria,CAD,845.1576900708787
Aetheria,EUR,306.53472999999997
Aetheria,GBP,50.411230684266314
Aetheria,JPY,28.524566260821693
Aetheria,KRW,7.676528900411772
Aetheria,NT$,50.048459675317204
Aetheria,Other,1267.5461887228917
Aetheria,SGD,23.6294827296581
Aetheria,USD,5145.12
Akamazu Brothers,Other,12.381173534878958
Akio AIR,AUD,36.011186286633574
Akio AIR,CAD,54.202012706796
Akio AIR,EUR,4.1874
Akio AIR,GBP,9.67223450112609
Akio AIR,HKD,17.840144668320058
Akio AIR,JPY,1.6105879736042115
Akio AIR,KRW,3.0931017061645947
Akio AIR,NT$,64.968735742359
Akio AIR,Other,132.0651373597804
Akio AIR,SGD,14.65895604797819
Akio AIR,USD,2025.0900000000001
Algorhythm Project,AUD,15.596546079443883
Algorhythm Project,CAD,98.56764547627786
Algorhythm Project,EUR,26.2393
Algorhythm Project,HKD,27.451951757566004
Algorhythm Project,JPY,38.734437782028664
Algorhythm Project,Other,3530.850547849319
Algorhythm Project,USD,1192.89
"All Ages of Geek, LLC",EUR,62.83
"All Ages of Geek, LLC",USD,388.89
Amai Direct,AUD,6.654624490588006
Amai Direct,CAD,3.726664809139036
Amai Direct,EUR,2.1658
Amai Direct,JPY,40.250477584453385
Amai Direct,Other,966.7392367619603
Amai Direct,USD,823.9100000000001
Amaryllis,CAD,3.7331931434397503
Amaryllis,HKD,12.759859322394526
Amaryllis,JPY,53435.424536385995
Amaryllis,KRW,1.6660229939692819
Amaryllis,NT$,11.777435344897366
Amaryllis,Other,4.175395973261525
Amaryllis,USD,131.96
Amber Glow,AUD,1.9898171088653829
Amber Glow,CAD,20.385738252538303
Amber Glow,EUR,86.36789300000001
Amber Glow,GBP,16.174199576418133
Amber Glow,HKD,12.863336725213468
Amber Glow,NT$,2.3582680879162274
Amber Glow,Other,152.30571773815305
Amber Glow,SGD,46.625936195199074
Amber Glow,USD,331.62
Animel Studio,AUD,3.673840651208683
Animel Studio,JPY,25.956868590163158
Animel Studio,USD,238.99
ArkNet,KRW,7.935480510977689
ArkNet,Other,23.72401185536571
Atelier Live,AUD,595.8396212721409
Atelier Live,CAD,2036.3697149363836
Atelier Live,EUR,1563.5916419999999
Atelier Live,GBP,1702.1677329877195
Atelier Live,HKD,288.82040346618226
Atelier Live,JPY,963.3251223392504
Atelier Live,KRW,235.32496282059512
Atelier Live,NT$,1699.0771555091865
Atelier Live,Other,2482.0919720218485
Atelier Live,SGD,186.06773273434754
Atelier Live,USD,36015.91
AuroraLiveVR,AUD,19.53684210526316
AuroraLiveVR,CAD,44.31590656284761
AuroraLiveVR,EUR,7.4368
AuroraLiveVR,GBP,35.51632045245523
AuroraLiveVR,HKD,20.495491939914036
AuroraLiveVR,JPY,48.19962313215686
AuroraLiveVR,KRW,85.59666876755401
AuroraLiveVR,NT$,104.52099719933145
AuroraLiveVR,Other,497.50534719367056
AuroraLiveVR,SGD,9.643323076923078
AuroraLiveVR,USD,185.96
Axel-V,AUD,1354.563339338391
Axel-V,CAD,430.40255934184717
Axel-V,EUR,185.113
Axel-V,GBP,170.81432975907748
Axel-V,HKD,2732.401035824476
Axel-V,JPY,67365.5716636368
Axel-V,KRW,382.569556297546
Axel-V,NT$,10130.459021738649
Axel-V,Other,697.0596286368251
Axel-V,SGD,71.63409618932434
Axel-V,USD,1155.96
BANs,HKD,24.117097872243537
BANs,JPY,172.49421052531113
Balus,AUD,368.07067056737213
Balus,CAD,103.09544391652263
Balus,EUR,53.921223
Balus,GBP,87.87850863650523
Balus,HKD,369.6115356281233
Balus,JPY,158603.0471295318
Balus,KRW,228.1993905659633
Balus,NT$,498.39877550102943
Balus,Other,270.8974325511009
Balus,SGD,234.82344237153728
Balus,USD,519.07
BitStar Akihabara Lab,JPY,8631.207368320594
BitStar Akihabara Lab,NT$,5.381938215349274
BitStar Akihabara Lab,Other,2.449530391359931
BitStar Akihabara Lab,USD,17.27
Brave Group,AUD,14.031579993036768
Brave Group,CAD,15.564843356900756
Brave Group,EUR,28.607842999999995
Brave Group,GBP,87.95560722369679
Brave Group,HKD,535.2219094054535
Brave Group,JPY,67317.01157239871
Brave Group,KRW,923.4573471399274
Brave Group,NT$,6061.721058578884
Brave Group,Other,144.44403168928616
Brave Group,SGD,795.4801249631047
Brave Group,USD,322.07000000000005
Buisen,AUD,1932.3417323770868
Buisen,CAD,7.850439445851333
Buisen,EUR,51.0108
Buisen,GBP,10.246670087212024
Buisen,HKD,33.152365744542756
Buisen,JPY,20610.577783126893
Buisen,KRW,5425.027492415936
Buisen,NT$,1187.4698734674762
Buisen,Other,177.02736629874846
Buisen,SGD,12.612957137698928
Buisen,USD,212.0
Chamomile Tea Party!,AUD,76.91701331876732
Chamomile Tea Party!,EUR,2.445
Chamomile Tea Party!,HKD,9.989311598746081
Chamomile Tea Party!,JPY,10069.306207912765
Chamomile Tea Party!,KRW,37.843045821732744
Chamomile Tea Party!,NT$,99.91694486890623
Chamomile Tea Party!,Other,203.4671439755767
Chamomile Tea Party!,SGD,103.83932032037693
Chamomile Tea Party!,USD,7.0
Chucolala,AUD,966.3290445014828
Chucolala,CAD,2069.2556026451557
Chucolala,EUR,387.080072
Chucolala,GBP,278.0731904728008
Chucolala,HKD,3687.17464841141
Chucolala,JPY,26683.76550544017
Chucolala,KRW,47.23189260488087
Chucolala,NT$,1067.307890374169
Chucolala,Other,1041.3623314340894
Chucolala,SGD,391.16852784203036
Chucolala,USD,14279.67
Circlemiran,JPY,616.1988255321813
Circlemiran,NT$,253.01936625801622
Cirque☆Live,CAD,17.948814118052205
Cirque☆Live,Other,9.757056408576055
Cirque☆Live,SGD,21.8776582278481
Cirque☆Live,USD,248.89999999999998
Cloud Horizon,AUD,27.47730816464645
Cloud Horizon,CAD,4.415137615232687
Cloud Horizon,GBP,215.08939259425176
Cloud Horizon,HKD,1387.2505754811186
Cloud Horizon,JPY,402.1761883576039
Cloud Horizon,KRW,1.5959750824259653
Cloud Horizon,NT$,55691.96284219958
Cloud Horizon,Other,404.8548930236316
Cloud Horizon,SGD,8.995326118355072
Cloud Horizon,USD,1725.93
CoCo Diversity Entertainment,EUR,23.900000000000002
CoCo Diversity Entertainment,JPY,1974.437921226406
CoCo Diversity Entertainment,NT$,222.43034599417769
CoCo Diversity Entertainment,Other,7.129955099422706
CoCo Diversity Entertainment,USD,35.0
Crescent Link Productions,AUD,13.852705251263774
Crescent Link Productions,EUR,63.4781
Crescent Link Productions,JPY,5.133115366651097
Crescent Link Productions,Other,505.1190466717824
Crescent Link Productions,USD,165.0
Crunchyroll,AUD,67.28983167206184
Crunchyroll,CAD,70.76986449286527
Crunchyroll,EUR,231.11693
Crunchyroll,GBP,1381.4712391016328
Crunchyroll,HKD,6.372840269030586
Crunchyroll,JPY,26.099966112701683
Crunchyroll,Other,540.7930931085102
Crunchyroll,SGD,5.901938520058782
Crunchyroll,USD,14353.87
Cyber V,AUD,26.809875654818732
Cyber V,CAD,149.0208593888635
Cyber V,EUR,37.5567
Cyber V,GBP,173.0817196865862
Cyber V,HKD,172.3492812642618
Cyber V,JPY,32702.808171236222
Cyber V,KRW,96.73392643842071
Cyber V,NT$,437.83572541588313
Cyber V,Other,85.86380285237398
Cyber V,SGD,10.324790575253017
Cyber V,USD,273.0
CyberLive,AUD,36.770131026586945
CyberLive,CAD,3.946115117703089
CyberLive,EUR,11.562
CyberLive,KRW,0.8495440957774406
CyberLive,Other,15.700617365988375
CyberLive,USD,89.97
Desune Live,Other,71.64966785623298
Desune Live,USD,20.0
Digikagi,JPY,20.55012197367181
Digikagi,NT$,14.472228444054137
Digikagi,Other,1036.3179711826554
Digikagi,USD,65.98
Direza Familiy,Other,16.3828432979409
Duskward,AUD,100.25600911309947
Duskward,CAD,843.9530748102511
Duskward,EUR,194.0995
Duskward,GBP,1047.4702647434071
Duskward,HKD,64.4940796555436
Duskward,JPY,92.14053957533999
Duskward,KRW,6.02572851802612
Duskward,NT$,92.01396153968399
Duskward,Other,206.20422660883614
Duskward,SGD,30.709623433917905
Duskward,USD,7933.56
EIEN Project,AUD,165.71698346996408
EIEN Project,CAD,93.88863105097685
EIEN Project,EUR,874.1887090000001
EIEN Project,GBP,1161.4730113221428
EIEN Project,JPY,42.49648711809385
EIEN Project,KRW,12.286321468577343
EIEN Project,Other,1946.6211984524339
EIEN Project,SGD,5.201527220842983
EIEN Project,USD,8616.970000000001
ENTUM,AUD,275.33223859607995
ENTUM,CAD,310.4909551028481
ENTUM,EUR,7774.542933000001
ENTUM,GBP,88.84828056438636
ENTUM,HKD,744.917347724381
ENTUM,JPY,74502.1241468544
ENTUM,KRW,1071.5398871606656
ENTUM,NT$,2311.734675081465
ENTUM,Other,724.7447651267128
ENTUM,SGD,109.95007474768832
ENTUM,USD,2223.25
Eilene Academy,EUR,439.57770000000005
Eilene Academy,GBP,16.190819485888
Eilene Academy,HKD,48.3164569140268
Eilene Academy,JPY,72390.16917819894
Eilene Academy,KRW,631.8272046000722
Eilene Academy,NT$,1034.6144108911644
Eilene Academy,Other,174.65022993283117
Eilene Academy,SGD,91.56942975463934
Eilene Academy,USD,53.99
Exys/Trys,AUD,8.367866129899044
Exys/Trys,JPY,5901.607913192405
Exys/Trys,KRW,11.608576501188098
Exys/Trys,NT$,4.615479455416727
Exys/Trys,Other,264.9841757193031
Exys/Trys,USD,435.0
Ferret Jogakuin,AUD,419.6151428736885
Ferret Jogakuin,CAD,3.7945566851113113
Ferret Jogakuin,EUR,5.601500000000001
Ferret Jogakuin,HKD,194.59359660978615
Ferret Jogakuin,JPY,5572.445115267539
Ferret Jogakuin,KRW,24.828105746314144
Ferret Jogakuin,NT$,1500.487026400747
Ferret Jogakuin,Other,25.57457249625437
Ferret Jogakuin,USD,483.92
FlaVR,AUD,56.23176702727093
FlaVR,CAD,114.43615034683512
FlaVR,EUR,20.446800000000003
FlaVR,GBP,68.92119185147264
FlaVR,Other,132.8760410284401
FlaVR,USD,2775.66
FruFru VTubers,Other,11.625109122653864
GEMS COMPANY,AUD,155.21002377651098
GEMS COMPANY,CAD,9.064313195259103
GEMS COMPANY,EUR,6.435
GEMS COMPANY,GBP,6.566828459808216
GEMS COMPANY,HKD,82.3284427366463
GEMS COMPANY,JPY,196009.91078011744
GEMS COMPANY,KRW,64.17203054764384
GEMS COMPANY,NT$,201.702600336385
GEMS COMPANY,Other,159.09675164105607
GEMS COMPANY,SGD,17.010620176778755
GEMS COMPANY,USD,509.49
GOOM STUDIO,AUD,56.611085966970855
GOOM STUDIO,CAD,2.1375464996125033
GOOM STUDIO,EUR,93.83789499999999
GOOM STUDIO,HKD,151.6360981843671
GOOM STUDIO,JPY,37945.21197316136
GOOM STUDIO,KRW,540.4248295419452
GOOM STUDIO,NT$,37.950774039489204
GOOM STUDIO,Other,20.326184676741104
GOOM STUDIO,USD,56.0
GhostCrown,CAD,7.462120834857348
GhostCrown,EUR,94.7149
GhostCrown,HKD,4.8761665885152725
GhostCrown,JPY,2880.5403919208807
GhostCrown,KRW,73.47462898421503
GhostCrown,NT$,14.048075874650317
GhostCrown,Other,127.79489173314533
GhostCrown,SGD,11.288107409004128
GhostCrown,USD,25.0
Guild CQ,AUD,55.61839607471387
Guild CQ,CAD,600.5153999843062
Guild CQ,EUR,111.669122
Guild CQ,GBP,16.30642165838314
Guild CQ,HKD,8837.28900537966
Guild CQ,JPY,11138.988072703729
Guild CQ,KRW,52.28075590899262
Guild CQ,NT$,55716.5649677646
Guild CQ,Other,186.9227492143307
Guild CQ,SGD,76.15475251104002
Guild CQ,USD,622.45
HAJITABI,AUD,10.722848819005398
HAJITABI,HKD,0.640963089875529
HAJITABI,JPY,1.5226255594231726
HAJITABI,Other,185.6325385375501
HAJITABI,SGD,21.39299349780924
HAJITABI,USD,5.0
HOLOSTARS,AUD,23356.207836444264
HOLOSTARS,CAD,23945.031319299604
HOLOSTARS,EUR,13873.505795000001
HOLOSTARS,GBP,11262.102026613085
HOLOSTARS,HKD,46827.2913612673
HOLOSTARS,JPY,1003388.4479572065
HOLOSTARS,KRW,21574.15021097002
HOLOSTARS,NT$,147613.80300635882
HOLOSTARS,Other,58499.410269173444
HOLOSTARS,SGD,20158.909665336225
HOLOSTARS,USD,241109.82
HOLOSTARS English,AUD,12922.941402421975
HOLOSTARS English,CAD,38424.18404921374
HOLOSTARS English,EUR,25033.694510999998
HOLOSTARS English,GBP,10399.645875782795
HOLOSTARS English,HKD,9763.925023410096
HOLOSTARS English,JPY,17874.903778686155
HOLOSTARS English,KRW,3221.964872265261
HOLOSTARS English,NT$,22085.724175391362
HOLOSTARS English,Other,68961.08707096727
HOLOSTARS English,SGD,13056.683443473983
HOLOSTARS English,USD,401444.14
Hacka Doll,JPY,1502.2337395170894
Hacka Doll,KRW,1.7803149606299216
Hanayori Girls' Dormitory,AUD,3013.00212010702
Hanayori Girls' Dormitory,CAD,222.09928170869503
Hanayori Girls' Dormitory,EUR,352.910699
Hanayori Girls' Dormitory,GBP,395.48846551927244
Hanayori Girls' Dormitory,HKD,4926.586778207509
Hanayori Girls' Dormitory,JPY,74182.39724308437
Hanayori Girls' Dormitory,KRW,5408.99578695245
Hanayori Girls' Dormitory,NT$,18831.03388119078
Hanayori Girls' Dormitory,Other,1131.3347800295662
Hanayori Girls' Dormitory,SGD,777.9474674246947
Hanayori Girls' Dormitory,USD,8740.68
Hitsuhima,AUD,37.22708914094966
Hitsuhima,CAD,208.21957166229782
Hitsuhima,EUR,17.3121
Hitsuhima,GBP,61.8804836205245
Hitsuhima,HKD,556.9942013810697
Hitsuhima,JPY,238932.74489884637
Hitsuhima,KRW,119.84880182701636
Hitsuhima,NT$,1177.3972935416748
Hitsuhima,Other,278.3236233426035
Hitsuhima,SGD,1.4803159478435306
Hitsuhima,USD,3279.25
Honey Studio,CAD,38.605310647073985
Honey Studio,JPY,9740.365779036763
Honey Studio,NT$,18.828541969824983
Honey Studio,Other,4.92295700083806
Honey Studio,USD,19.0
HoshiLive,CAD,173.03976947378186
HoshiLive,EUR,5.3925
HoshiLive,GBP,4.563088141818765
HoshiLive,NT$,9.76689673134522
HoshiLive,Other,34.12884053821845
HoshiLive,USD,1250.16
ICETEA,JPY,195.86894467044638
ICETEA,NT$,3.2651995036896695
IGNITE PROJECT,JPY,3.834147377362497
IGNITE PROJECT,Other,303.77250449596335
IRIAM,JPY,17912.743977527276
IRIAM,KRW,8.328833693304535
IRIAM,NT$,123.74183885126573
IRIAM,Other,96.13653290984233
IRIAM,USD,77.95
ISEGYE IDOL,KRW,185.5180227760987
Independant,AUD,18.309169324105405
Independant,CAD,10.01832966207509
Independant,EUR,33.560446
Independant,GBP,23.354910032763446
Independant,JPY,19103.498524819846
Independant,KRW,133.17743393249063
Independant,NT$,123.06042837998422
Independant,Other,399.2344378042482
Independant,SGD,10.178017839861031
Independant,USD,471.93
Independent,AUD,37791.58540300097
Independent,CAD,43111.38193167873
Independent,EUR,46816.532804
Independent,GBP,41888.11265636971
Independent,HKD,78635.7326995805
Independent,JPY,1666424.7959386404
Independent,KRW,31691.154158127018
Independent,NT$,110203.90871998211
Independent,Other,141055.61762619723
Independent,SGD,26935.05002633018
Independent,USD,488018.54
Iwamotochou Geinousha,AUD,1.3900806845965772
Iwamotochou Geinousha,HKD,59.14519462606549
Iwamotochou Geinousha,JPY,15796.611884040696
Iwamotochou Geinousha,NT$,9.730781706130381
Iwamotochou Geinousha,Other,131.31059957122997
Iwamotochou Geinousha,USD,117.0
KAMITSUBAKI STUDIO,AUD,76.66432582737879
KAMITSUBAKI STUDIO,CAD,2.074572994592993
KAMITSUBAKI STUDIO,EUR,19.6626
KAMITSUBAKI STUDIO,HKD,209.65712846605945
KAMITSUBAKI STUDIO,JPY,16270.127385277841
KAMITSUBAKI STUDIO,KRW,14.386286115738836
KAMITSUBAKI STUDIO,NT$,245.16625564540118
KAMITSUBAKI STUDIO,Other,26.205610747034328
KAMITSUBAKI STUDIO,SGD,5.206824137931034
KAMITSUBAKI STUDIO,USD,232.99
KIGI:STUDIO,Other,29.83353788455252
KOUEN,JPY,3178.187794163513
KOUEN,NT$,47.278050208315626
KOUEN,Other,31.578406326859884
KOUEN,USD,121.98
Kaso Shojo,EUR,29.368299999999998
Kaso Shojo,JPY,160.9166177591462
Kaso Shojo,NT$,1.072424394080217
Kaso Shojo,Other,3799.166697307704
Kaso Shojo,USD,1016.63
Kawa Entertainment,AUD,22.045848091360945
Kawa Entertainment,CAD,328.2932445449328
Kawa Entertainment,EUR,489.00807399999997
Kawa Entertainment,GBP,111.17782628299462
Kawa Entertainment,HKD,1.2739028213166144
Kawa Entertainment,JPY,83.56932603926148
Kawa Entertainment,KRW,28.83797246823612
Kawa Entertainment,Other,280.3855150727133
Kawa Entertainment,SGD,2.2379808399462027
Kawa Entertainment,USD,10329.24
Kawaii Music,AUD,7.419375117872634
Kawaii Music,JPY,313.89910370119253
Kawaii Music,USD,19.99
KoMETA,AUD,894.1753749794243
KoMETA,CAD,96.38919283743542
KoMETA,EUR,563.76248
KoMETA,GBP,20.694915999610487
KoMETA,HKD,35.703298276051044
KoMETA,JPY,317.77543198701903
KoMETA,KRW,1.533113711234806
KoMETA,Other,6351.051247483769
KoMETA,SGD,37.59528683587011
KoMETA,USD,2268.91
LITMEDIA,AUD,7.250795895112816
LITMEDIA,CAD,389.5884377071279
LITMEDIA,EUR,63.740410999999995
LITMEDIA,GBP,305.5485991612745
LITMEDIA,HKD,66.98206290455506
LITMEDIA,JPY,41.79236014060151
LITMEDIA,KRW,2671.1887057883155
LITMEDIA,NT$,67.89382072650862
LITMEDIA,Other,952.6310142049338
LITMEDIA,SGD,35.05126770187411
LITMEDIA,USD,11361.789999999999
LIVE UNION,AUD,185.35829599505678
LIVE UNION,CAD,3.9112412534225736
LIVE UNION,EUR,556.859774
LIVE UNION,HKD,2488.994342521673
LIVE UNION,JPY,27146.959775901967
LIVE UNION,KRW,298.0579061537403
LIVE UNION,NT$,12958.107347510755
LIVE UNION,Other,1867.7557569373594
LIVE UNION,SGD,263.9566060098114
LIVE UNION,USD,1179.52
LIVE.exe,KRW,4.314979674500605
LIVE.exe,Other,4.201511507219973
LIVE.exe,USD,5.0
League of เจอเกรียน แห่งประเทศไทย (League of troll of Thailand),Other,64.98686980006518
LiveCartoon,AUD,368.2981958476406
LiveCartoon,CAD,159.1866951368785
LiveCartoon,EUR,32.224192
LiveCartoon,GBP,108.52277279063466
LiveCartoon,HKD,61.71544944367173
LiveCartoon,JPY,9380.928859966896
LiveCartoon,KRW,58.199840597620536
LiveCartoon,NT$,118.13610204136005
LiveCartoon,Other,181.92579869997655
LiveCartoon,SGD,121.07239627111359
LiveCartoon,USD,514.42
M. Entertainment,AUD,778.5513090584783
M. Entertainment,CAD,153.69161649243568
M. Entertainment,EUR,621.260006
M. Entertainment,GBP,53.90662569648905
M. Entertainment,HKD,10211.850881282522
M. Entertainment,JPY,1498.5570247660398
M. Entertainment,NT$,138295.1336419877
M. Entertainment,Other,1716.281489044207
M. Entertainment,SGD,454.5987789257069
M. Entertainment,USD,3518.84
MAHA5,AUD,8.423223095583985
MAHA5,EUR,62.348
MAHA5,GBP,17.993630857197118
MAHA5,HKD,200.33323947102622
MAHA5,JPY,915.2637731464752
MAHA5,KRW,1042.9892577290666
MAHA5,NT$,47.83522570772213
MAHA5,Other,2026.3980788386534
MAHA5,SGD,289.9561605534534
MAHA5,USD,755.97
MAHA5JAPAN,JPY,3611.8031554022
MAHA5JAPAN,NT$,293.52570202284863
MAHA5JAPAN,Other,41.595612450049565
MAHA5JAPAN,SGD,15.51221915169018
MUSUBIME,HKD,41.83354226009699
MUSUBIME,JPY,5507.88506972708
MUSUBIME,NT$,299.4557795541043
MUSUBIME,Other,1.03930657465339
MUSUBIME,USD,110.0
MaRiNaSu,EUR,12.531199999999998
MaRiNaSu,HKD,6.431668362606734
MaRiNaSu,JPY,28721.7741722697
MaRiNaSu,KRW,655.0658576314338
MaRiNaSu,NT$,24.551031574268176
MaRiNaSu,Other,1.7276827388558311
MaRiNaSu,USD,88.99000000000001
MagicaLumina,Other,101.7508137633383
MagicaLumina,USD,21.99
Majinova,EUR,12.124310000000001
Majinova,JPY,4.390999018349317
Majinova,Other,62.38641477569941
Majinova,SGD,0.7166396933560477
Majinova,USD,10.0
MangaGamer,AUD,1665.1785316953951
MangaGamer,CAD,10502.917953101909
MangaGamer,EUR,2272.909404
MangaGamer,GBP,1488.58225236642
MangaGamer,HKD,7.643529092950331
MangaGamer,JPY,5793.113019623329
MangaGamer,KRW,10.514494532953936
MangaGamer,Other,6647.900724269837
MangaGamer,SGD,720.1056665526507
MangaGamer,USD,48317.270000000004
ManyVProject,GBP,58.01685379470861
ManyVProject,JPY,15.400528168319784
ManyVProject,Other,224.46332993239716
MarbleCreators,AUD,92.76314636992363
MarbleCreators,CAD,39.49373264900429
MarbleCreators,EUR,411.90733900000004
MarbleCreators,GBP,154.63568870524972
MarbleCreators,HKD,407.40120631971126
MarbleCreators,JPY,48776.47287365979
MarbleCreators,KRW,54.37282937082616
MarbleCreators,NT$,51.024304858159915
MarbleCreators,Other,388.11750950340615
MarbleCreators,SGD,34.877035424936075
MarbleCreators,USD,3707.42
Masquerade,AUD,1417.016163761962
Masquerade,CAD,25.996232038570614
Masquerade,EUR,113.599791
Masquerade,HKD,873.1860522961605
Masquerade,JPY,344027.76605093427
Masquerade,KRW,1145.7488469675168
Masquerade,NT$,5059.302581418363
Masquerade,Other,117.72469737260028
Masquerade,SGD,1281.757656511865
Masquerade,USD,1790.42
MayuVerseID,EUR,8.1176
MayuVerseID,JPY,22.906646751306944
MayuVerseID,KRW,9.202589609979471
MayuVerseID,Other,181.7765585921344
MayuVerseID,SGD,7.515591185636515
MayuVerseID,USD,5.0
Megalight Production,AUD,508.8258576913131
Megalight Production,CAD,424.6250005171437
Megalight Production,EUR,470.13155699999993
Megalight Production,GBP,248.13557482329315
Megalight Production,HKD,14184.948423771042
Megalight Production,JPY,58611.94878100293
Megalight Production,KRW,3430.5251341291096
Megalight Production,NT$,36096.01847663021
Megalight Production,Other,2563.551435317924
Megalight Production,SGD,2661.4806347977064
Megalight Production,USD,3389.2699999999995
Megamisoft,JPY,245.60521199532246
Megamisoft,KRW,12.33677086149104
Melty+,AUD,435.22938933487524
Melty+,CAD,51.4844970558256
Melty+,EUR,119.912133
Melty+,GBP,627.5845090155556
Melty+,HKD,73.54462612189012
Melty+,JPY,15469.346251777968
Melty+,KRW,710.6512380179121
Melty+,NT$,8707.425359314884
Melty+,Other,626.986326627559
Melty+,SGD,169.83300188542773
Melty+,USD,1438.29
Merryweather Media,CAD,91.70080448883962
Merryweather Media,EUR,8.825646
Merryweather Media,GBP,70.89903816740613
Merryweather Media,NT$,1.87049911151292
Merryweather Media,Other,34.38117274111311
Merryweather Media,SGD,7.018781031877384
Merryweather Media,USD,1143.69
Metanoia ID,Other,97.0914116334572
MetanoiaLIVE,KRW,99.51638898256925
MetanoiaLIVE,NT$,16.49786963853713
MetanoiaLIVE,Other,741.2494748106249
MetanoiaLIVE,SGD,15.074430215132217
Muse Indonesia,JPY,12.689856308174068
Muse Indonesia,NT$,0.5403068943159705
Muse Indonesia,Other,64.90686089630329
Muse Indonesia,USD,195.95999999999998
MyHolo TV,AUD,78.19470681264625
MyHolo TV,CAD,603.8763729009197
MyHolo TV,EUR,218.128375
MyHolo TV,GBP,190.4617095797803
MyHolo TV,HKD,25.477802483323757
MyHolo TV,JPY,405.2137737428246
MyHolo TV,KRW,175.27027552685652
MyHolo TV,NT$,10.649888234040489
MyHolo TV,Other,14714.2582593872
MyHolo TV,SGD,548.1749870563841
MyHolo TV,USD,3542.14
MysteriX,HKD,11.482463428205529
MysteriX,Other,34.52385988558049
MysteriX,USD,225.95
Mythic Live,AUD,213.81780688784957
Mythic Live,CAD,806.9472641195632
Mythic Live,EUR,779.336364
Mythic Live,GBP,293.76684615536124
Mythic Live,HKD,53.24312817579179
Mythic Live,JPY,691.6428890767525
Mythic Live,NT$,5.428488708743475
Mythic Live,Other,3431.1921239462445
Mythic Live,SGD,483.275154842207
Mythic Live,USD,15167.96
NHOT BOT,AUD,1001.1662841048751
NHOT BOT,CAD,1827.7585549232454
NHOT BOT,EUR,179.637494
NHOT BOT,GBP,52.217238601976305
NHOT BOT,HKD,878.2442591135627
NHOT BOT,JPY,15270.31987637874
NHOT BOT,KRW,83.5148400765349
NHOT BOT,NT$,171.59915447356119
NHOT BOT,Other,23.23684670266112
NHOT BOT,SGD,20.00901402761226
NHOT BOT,USD,4070.75
NIJIGEN Project,CAD,0.738921903378133
NIJIGEN Project,HKD,50.31923496022614
NIJIGEN Project,JPY,182.66085579534632
NIJIGEN Project,KRW,30.621479413717523
NIJIGEN Project,NT$,8.774575798337715
NIJIGEN Project,Other,4501.558309340798
NIJIGEN Project,SGD,289.5266462603962
NIJIGEN Project,USD,119.87
NIJISANJI,AUD,50038.88742295765
NIJISANJI,CAD,81346.44821114924
NIJISANJI,EUR,59789.855297
NIJISANJI,GBP,46673.686194872425
NIJISANJI,HKD,267733.510312059
NIJISANJI,JPY,32082976.727791738
NIJISANJI,KRW,318112.4602399786
NIJISANJI,NT$,463682.7031035926
NIJISANJI,Other,104831.73016264506
NIJISANJI,SGD,36588.86529355987
NIJISANJI,USD,432298.12
NIJISANJI EN,AUD,205806.2868834855
NIJISANJI EN,CAD,362955.63274002314
NIJISANJI EN,EUR,198476.341407
NIJISANJI EN,GBP,173480.5791371835
NIJISANJI EN,HKD,668643.9810606601
NIJISANJI EN,JPY,1329978.8057070188
NIJISANJI EN,KRW,114138.6455908871
NIJISANJI EN,NT$,961297.1772636842
NIJISANJI EN,Other,563805.1946598634
NIJISANJI EN,SGD,149330.03331886194
NIJISANJI EN,USD,2686390.71
NIJISANJI KR,AUD,228.02350957868833
NIJISANJI KR,CAD,3.7553579425500607
NIJISANJI KR,EUR,14.207799999999999
NIJISANJI KR,GBP,44.98165927688294
NIJISANJI KR,HKD,22.577067057657967
NIJISANJI KR,JPY,6975.623539034628
NIJISANJI KR,KRW,5419.240565098554
NIJISANJI KR,NT$,40.57850339598616
NIJISANJI KR,Other,29.734052676004147
NIJISANJI KR,SGD,70.89608504960549
NIJISANJI KR,USD,578.97
Nani Talent,CAD,4.001978456803693
Nani Talent,EUR,5.4615
Nani Talent,USD,123.98
Nawasena,AUD,10.807792595015362
Nawasena,GBP,19.34558043131169
Nawasena,HKD,1.8982723073616086
Nawasena,JPY,6.94378241973924
Nawasena,NT$,5.3164604481141025
Nawasena,Other,433.7625577799423
Nawasena,USD,455.68
Neo-Porte,AUD,717.7464648753171
Neo-Porte,CAD,1150.4995269632082
Neo-Porte,EUR,847.716891
Neo-Porte,GBP,569.9031115610208
Neo-Porte,HKD,4416.371991623137
Neo-Porte,JPY,761432.5724874089
Neo-Porte,KRW,5653.022134275756
Neo-Porte,NT$,5767.953181072834
Neo-Porte,Other,3303.10412904287
Neo-Porte,SGD,520.3004171485286
Neo-Porte,USD,7378.95
Nexplay,JPY,56.45113715749436
Nexplay,Other,80.65075761064166
NoriPro,AUD,778.9803660293613
NoriPro,CAD,2117.4918135630764
NoriPro,EUR,10016.880453000002
NoriPro,GBP,2758.037623117111
NoriPro,HKD,11637.015166428977
NoriPro,JPY,1820989.9621534897
NoriPro,KRW,13538.424878182486
NoriPro,NT$,74907.28365037248
NoriPro,Other,3417.7885795765596
NoriPro,SGD,4105.510728696317
NoriPro,USD,8383.73
North Side ESports,JPY,5.560480978239651
North Side ESports,NT$,19.018782365437126
North Side ESports,Other,304.5631715561046
ODYSSEY inc.,JPY,349.98005432968114
ODYSSEY inc.,NT$,3.5850003585000296
OTAHOO Project,AUD,14.493642989491136
OTAHOO Project,CAD,1723.7898913364907
OTAHOO Project,GBP,5.713212345393597
OTAHOO Project,HKD,8.349664900934236
OTAHOO Project,JPY,79.58410922429708
OTAHOO Project,KRW,10.633958828731892
OTAHOO Project,Other,1474.7117823999706
OTAHOO Project,SGD,8.101756462882204
OTAHOO Project,USD,404.0
Otogi Resurrection,AUD,779.214014083322
Otogi Resurrection,CAD,893.4452285014843
Otogi Resurrection,EUR,181.8319
Otogi Resurrection,GBP,54.16644298784003
Otogi Resurrection,HKD,2306.834384016253
Otogi Resurrection,JPY,120023.9234928304
Otogi Resurrection,KRW,23.614089075182633
Otogi Resurrection,NT$,1201.1384581545838
Otogi Resurrection,Other,718.5862357485188
Otogi Resurrection,SGD,201.14364827380373
Otogi Resurrection,USD,916.8100000000001
Overidea,AUD,604.8260135303883
Overidea,CAD,555.5981463036082
Overidea,EUR,781.2742
Overidea,GBP,887.240173064825
Overidea,HKD,1768.5116740732735
Overidea,JPY,3745.1120706604333
Overidea,KRW,61.02792758877932
Overidea,NT$,159.82457485236475
Overidea,Other,158.76758381941588
Overidea,SGD,363.98032390316325
Overidea,USD,4121.45
PITAPAT,CAD,3.9759197324414712
PITAPAT,EUR,3572.72073
PITAPAT,JPY,67.27655268602655
PITAPAT,Other,140.67025405212758
PITAPAT,USD,8.0
PLIVYou,AUD,32.634081743213144
PLIVYou,CAD,34.04948971241355
PLIVYou,EUR,215.380031
PLIVYou,HKD,36.72608999313165
PLIVYou,JPY,5612.325424180843
PLIVYou,NT$,18.59312308680194
PLIVYou,Other,637.4444119285182
PLIVYou,SGD,1.466043740266775
PLIVYou,USD,139.46
PRISM Project,AUD,22029.396473159268
PRISM Project,CAD,26320.918522219523
PRISM Project,EUR,17458.030325
PRISM Project,GBP,6391.890336263449
PRISM Project,HKD,2786.483536877757
PRISM Project,JPY,12088.772850234647
PRISM Project,KRW,1211.5818724895905
PRISM Project,NT$,8509.729833207057
PRISM Project,Other,28724.973616617823
PRISM Project,SGD,21322.61524293471
PRISM Project,USD,252624.02
Parabellum Project,JPY,11.276608679347166
Parabellum Project,Other,243.52131362426266
Phase-Connect,AUD,9415.896016511912
Phase-Connect,CAD,25362.482055915432
Phase-Connect,EUR,11883.492765
Phase-Connect,GBP,7022.434345623424
Phase-Connect,HKD,382.11631887494303
Phase-Connect,JPY,12607.758027415988
Phase-Connect,KRW,314.2200149648609
Phase-Connect,NT$,1837.295269248122
Phase-Connect,Other,22608.661367034005
Phase-Connect,SGD,582.7275345057371
Phase-Connect,USD,353026.7
Pictoria,AUD,14.913579136419774
Pictoria,JPY,4369.873981160525
Pictoria,KRW,8.478428351309708
Piece A Part,CAD,16.294308700533367
Piece A Part,EUR,5.907
Piece A Part,GBP,52.30107526881721
Piece A Part,HKD,47.955840443438696
Piece A Part,JPY,156160.1350751948
Piece A Part,KRW,237.06575455113668
Piece A Part,NT$,206.39714252129332
Piece A Part,Other,75.56509602979227
Piece A Part,SGD,99.0093022057285
Piece A Part,USD,46.99
Pixela,EUR,2.627946
Pixela,HKD,3.1854637464164264
Pixela,JPY,21.576647739222018
Pixela,NT$,5.9382389385398735
Pixela,Other,3463.733603864941
Pixela,USD,396.97
Planet Dolan,AUD,368.31256220674027
Planet Dolan,CAD,1631.2228025670915
Planet Dolan,EUR,818.752296
Planet Dolan,GBP,437.83078267558193
Planet Dolan,JPY,20.350412380629123
Planet Dolan,Other,306.05182600025825
Planet Dolan,USD,55111.49
Playasia,AUD,171.74793815204538
Playasia,CAD,774.8660043605876
Playasia,EUR,287.543679
Playasia,GBP,118.10429146701682
Playasia,HKD,503.2814016813202
Playasia,JPY,12.365074815690381
Playasia,KRW,5.196465193118377
Playasia,NT$,48.74021650480553
Playasia,Other,1062.9066188927513
Playasia,SGD,72.76325450486625
Playasia,USD,20521.010000000002
Polygon Project,CAD,176.3579973416039
Polygon Project,JPY,75.22369562790705
Polygon Project,Other,1562.5091959495269
Polygon Project,USD,430.0
Prof. Harunozuka & Comrade,JPY,6.004955947136564
Prof. Harunozuka & Comrade,Other,36.42133861116729
Prof. Harunozuka & Comrade,USD,9.98
Project F,GBP,6.418270356323454
Project F,Other,44.69400773612651
Project F,USD,35.96
Project Kavvaii,AUD,71.5795040871152
Project Kavvaii,CAD,114.41045206706325
Project Kavvaii,EUR,264.36344
Project Kavvaii,GBP,54.161132085386186
Project Kavvaii,JPY,124.62729369886836
Project Kavvaii,KRW,45.28981868853637
Project Kavvaii,NT$,403.607950683789
Project Kavvaii,Other,3014.4404014633124
Project Kavvaii,SGD,372.7193706360942
Project Kavvaii,USD,1491.83
Project Paryi (formerly),AUD,1385.2994760727524
Project Paryi (formerly),CAD,391.4072946612641
Project Paryi (formerly),EUR,529.9347
Project Paryi (formerly),GBP,28.842374070038524
Project Paryi (formerly),HKD,630.9488233533227
Project Paryi (formerly),JPY,4481.17648934571
Project Paryi (formerly),KRW,11473.23156776721
Project Paryi (formerly),NT$,4019.2458494716775
Project Paryi (formerly),Other,744.29027736033
Project Paryi (formerly),SGD,63.24906743696649
Project Paryi (formerly),USD,6850.05
Project:YuiRes,AUD,7.1503834611537185
Project:YuiRes,CAD,3.741447728516694
Project:YuiRes,HKD,466.3806599588443
Project:YuiRes,JPY,64151.014133881385
Project:YuiRes,KRW,100.3065092728663
Project:YuiRes,NT$,253.12182087719856
Project:YuiRes,Other,121.58319381003568
Project:YuiRes,SGD,3080.018183063159
Project:YuiRes,USD,372.93
ProjectNebula,CAD,169.25982740308146
ProjectNebula,EUR,528.2604369999999
ProjectNebula,GBP,475.7506111376265
ProjectNebula,HKD,235.05796839434356
ProjectNebula,JPY,27854.387518429423
ProjectNebula,KRW,696.2078334694214
ProjectNebula,NT$,1153.5058914184845
ProjectNebula,Other,218.3652915422316
ProjectNebula,SGD,44.982775256146915
ProjectNebula,USD,191.49
Propro Production,AUD,7702.049999865638
Propro Production,CAD,6526.269359785654
Propro Production,EUR,1344.993851
Propro Production,GBP,1158.247549416282
Propro Production,HKD,43255.59972078052
Propro Production,JPY,426683.78268057946
Propro Production,KRW,2659.2300310331957
Propro Production,NT$,151557.47602114116
Propro Production,Other,10861.20613234943
Propro Production,SGD,2317.1028975531913
Propro Production,USD,14633.41
Pymiiya,CAD,7.764743864195678
Pymiiya,HKD,1.2740538304353821
Pymiiya,JPY,118.18519677383347
Pymiiya,NT$,3216.305802382111
Pymiiya,Other,16.996041319793374
Pymiiya,USD,156.11
Razerstar,GBP,20.735904120608993
Razerstar,HKD,129.73765197566638
Razerstar,NT$,180.4863470987866
Razerstar,Other,10.861174862298908
Razerstar,USD,42.0
Re:AcT,AUD,1056.4038417585182
Re:AcT,CAD,2792.9686965950955
Re:AcT,EUR,4260.466627
Re:AcT,GBP,281.12349708254703
Re:AcT,HKD,4298.804626977778
Re:AcT,JPY,612823.4404817644
Re:AcT,KRW,5985.022486784326
Re:AcT,NT$,36981.0149034542
Re:AcT,Other,3818.297276092467
Re:AcT,SGD,1083.144465623527
Re:AcT,USD,8024.280000000001
Re:Memories,AUD,42.35849197797522
Re:Memories,CAD,28.99866969797752
Re:Memories,EUR,36.4778
Re:Memories,GBP,9.443531817555556
Re:Memories,HKD,18.043010284536464
Re:Memories,JPY,519.9201915405249
Re:Memories,KRW,26.746232537166716
Re:Memories,NT$,97.127648112682
Re:Memories,Other,3309.402478287348
Re:Memories,SGD,97.32158871650459
Re:Memories,USD,161.0
ReVdol!,AUD,54.869718022782436
ReVdol!,CAD,29.8061368596739
ReVdol!,EUR,312.100516
ReVdol!,GBP,218.00777663734738
ReVdol!,HKD,483.44579339320234
ReVdol!,JPY,12855.566764468997
ReVdol!,NT$,159.7864855622696
ReVdol!,Other,83.66406047888958
ReVdol!,SGD,55.966657150049286
ReVdol!,USD,1474.33
S:gnal,EUR,17.6445
S:gnal,JPY,1369.2986433740539
S:gnal,KRW,28.38780349812356
S:gnal,Other,4.136010577071355
S:gnal,SGD,1.5063792889879846
SNOWDROP,AUD,342.1735184288975
SNOWDROP,EUR,7.9433
SNOWDROP,JPY,3.581094593693754
SNOWDROP,KRW,28.159974982754115
SNOWDROP,NT$,5.916775310490825
SNOWDROP,Other,2352.0381245013114
SNOWDROP,SGD,94.33663965030426
SNOWDROP,USD,30.0
SODA_KIT,AUD,591.2180732337223
SODA_KIT,CAD,133.0106162969289
SODA_KIT,EUR,112.22749999999999
SODA_KIT,GBP,47.75486289688543
SODA_KIT,HKD,1586.0787865550274
SODA_KIT,JPY,21415.373017674574
SODA_KIT,KRW,202.95360437487525
SODA_KIT,NT$,14065.891077785882
SODA_KIT,Other,1115.456332004054
SODA_KIT,SGD,805.9303620024582
SODA_KIT,USD,2096.57
Samaveta Studios,Other,2.0162982035174557
Sandblock Virtual Group,AUD,3.3493094532383174
Sandblock Virtual Group,Other,46.91597217400563
Second Heroine Project,JPY,4783.814961752951
Second Heroine Project,USD,2.0
Sedai One,CAD,8.012410861217774
Sedai One,EUR,1056.0251429999998
Sedai One,GBP,2.4973990138870046
Sedai One,JPY,66.93009137491876
Sedai One,Other,8834.665101529356
Sedai One,USD,1956.56
Smarprise,AUD,518.652567380403
Smarprise,CAD,37.54904019207871
Smarprise,EUR,117.2
Smarprise,GBP,57.72701553499241
Smarprise,HKD,4282.196503322412
Smarprise,JPY,319064.3057585735
Smarprise,KRW,127.02851706449319
Smarprise,NT$,4172.571101954682
Smarprise,Other,371.3449384672211
Smarprise,SGD,75.5280656733796
Smarprise,USD,1066.43
Snack Nili,AUD,203.6046049528403
Snack Nili,CAD,83.54129426790024
Snack Nili,EUR,915.2543009999999
Snack Nili,GBP,2.6241134751773054
Snack Nili,HKD,569.4858274325492
Snack Nili,JPY,79765.2418617508
Snack Nili,KRW,1189.5576074418195
Snack Nili,NT$,6397.839595319405
Snack Nili,Other,878.5263277554734
Snack Nili,SGD,308.9355423242504
Snack Nili,USD,2134.05
Snooze Button Project,AUD,182.52627071626713
Snooze Button Project,CAD,33.2494797837021
Snooze Button Project,EUR,82.634764
Snooze Button Project,GBP,13.207193486028938
Snooze Button Project,HKD,554.9245767356999
Snooze Button Project,JPY,31677.081601751364
Snooze Button Project,KRW,196.63994135333212
Snooze Button Project,NT$,4228.990242527028
Snooze Button Project,Other,63.577695447226525
Snooze Button Project,SGD,35.32316833690718
Snooze Button Project,USD,498.48
Starry Sky Academy,AUD,7.734196496572734
Starry Sky Academy,CAD,4.127800095322394
Starry Sky Academy,JPY,5550.517538677809
Starry Sky Academy,KRW,17.325246898565464
Starry Sky Academy,NT$,43.879936509521585
Starry Sky Academy,Other,0.6207259337190902
Starry Sky Academy,USD,66.97
Start UP,AUD,3.660925258052481
Start UP,EUR,98.8234
Start UP,JPY,5518.907978256901
Start UP,NT$,3.5080623874370955
Start UP,Other,1286.711715710612
Start UP,USD,4122.96
Stellar Cycle Campus,JPY,18358.947934438136
Stellar Cycle Campus,KRW,1.5086965018565566
Stellar Cycle Campus,NT$,120.68951937172557
Stellar Cycle Campus,Other,28.936140655013194
Stellar Cycle Campus,SGD,2.611921916424695
Stellar Cycle Campus,USD,86.0
Sugar Crush,AUD,5.366778726551469
Sugar Crush,CAD,18.609730381081487
Sugar Crush,GBP,3.3642935729348116
Sugar Crush,Other,0.8658369520308242
Sugar Crush,USD,2.0
Sugar Stella,JPY,284.03794922441824
TOMATO GUMMY,JPY,392.64035526206624
Tenmakinin ver G,HKD,6.398890053079412
Tenmakinin ver G,JPY,12751.000514332622
Tenmakinin ver G,NT$,9.721196036764695
Tenmakinin ver G,Other,0.6469768367956461
Tenmakinin ver G,USD,5.0
Things Vtubers Say,AUD,40.746647938132675
Things Vtubers Say,CAD,95.62176590088677
Things Vtubers Say,EUR,54.3985
Things Vtubers Say,GBP,32.97972614693654
Things Vtubers Say,JPY,18.64276258091732
Things Vtubers Say,Other,152.165170666341
Things Vtubers Say,SGD,3.553379886257289
Things Vtubers Say,USD,2203.2599999999998
Toy's Factory,CAD,7.27408402358033
Toy's Factory,HKD,25.477973366788202
Toy's Factory,JPY,2827.3919975536874
Toy's Factory,KRW,8.53191810864905
Toy's Factory,NT$,143.41090795067515
Toy's Factory,Other,14.843870259226183
Toy's Factory,USD,20.0
Tsunderia,AUD,2893.296841087448
Tsunderia,CAD,10451.207617870617
Tsunderia,EUR,7835.864632
Tsunderia,GBP,2841.0989715012925
Tsunderia,HKD,101.97357968715423
Tsunderia,JPY,2396.201279218197
Tsunderia,KRW,13479.630942380774
Tsunderia,NT$,556.6367415931024
Tsunderia,Other,10363.41794434558
Tsunderia,SGD,2238.0058836678795
Tsunderia,USD,96241.89
Ultimatum Of Matrix,Other,1.3140424533235864
United Talent,AUD,46.140804674905965
United Talent,CAD,16.36946902654867
United Talent,EUR,22.17586
United Talent,GBP,98.12663357664233
United Talent,HKD,544.7427592990484
United Talent,JPY,274.25279187817256
United Talent,KRW,79.35480510977688
United Talent,NT$,456.5998116039749
United Talent,Other,224.58801306843745
United Talent,SGD,21.61356372080317
United Talent,USD,1165.76
V&U,AUD,312.3038507475154
V&U,CAD,2162.879969335411
V&U,EUR,3307.368943
V&U,GBP,353.3372212340024
V&U,HKD,2728.561319366703
V&U,JPY,96.68919401754762
V&U,KRW,2303.9937702649568
V&U,NT$,4.728728602503059
V&U,Other,513.5457183069752
V&U,SGD,15.063362607273726
V&U,USD,35419.26
VDoki,Other,1.142484898732678
VDoki,USD,250.97
VEE,AUD,347.2293982355281
VEE,CAD,177.01396237374422
VEE,EUR,602.726341
VEE,GBP,70.78733699809118
VEE,HKD,278.72593569174825
VEE,JPY,130560.05416760946
VEE,KRW,44141.07679194814
VEE,NT$,908.5238890599691
VEE,Other,3799.0049395050105
VEE,SGD,224.6867444312336
VEE,USD,3720.69
VEEMusic,EUR,29.0
VEEMusic,HKD,16.485625371068963
VEEMusic,JPY,47729.92097218483
VEEMusic,NT$,33.26920695649572
VEEMusic,Other,5.66524826153603
VEEMusic,USD,3.0
VGaming,AUD,223.4586732885673
VGaming,CAD,90.21826130700887
VGaming,EUR,140.09014
VGaming,GBP,16.312832465099433
VGaming,HKD,185.35846743353505
VGaming,JPY,78054.69232174706
VGaming,KRW,823.2905981955882
VGaming,NT$,355.11803142294013
VGaming,Other,56.83691756128509
VGaming,USD,630.44
VMaison,CAD,40.70497998839051
VMaison,EUR,4.9959999999999996
VMaison,HKD,116.1639441483179
VMaison,JPY,33455.824695304356
VMaison,KRW,16.555533641339167
VMaison,NT$,1493.018027657368
VMaison,Other,139.1171701024029
VMaison,SGD,3.6956658291457285
VMaison,USD,207.08
VOICE-ORE,AUD,17.983235195216853
VOICE-ORE,CAD,153.21351618659656
VOICE-ORE,EUR,275.888417
VOICE-ORE,GBP,5.5584914829924195
VOICE-ORE,HKD,299.5076484059539
VOICE-ORE,JPY,125237.13352497437
VOICE-ORE,KRW,2366.7874894628235
VOICE-ORE,NT$,1704.8295335063956
VOICE-ORE,Other,790.3862955692324
VOICE-ORE,SGD,6852.618101277853
VOICE-ORE,USD,1291.79
VOMS Project,AUD,2460.840163599023
VOMS Project,CAD,1287.0525894078878
VOMS Project,EUR,979.9939199999999
VOMS Project,GBP,779.2285127983062
VOMS Project,HKD,215.51118936761827
VOMS Project,JPY,105568.95349966083
VOMS Project,KRW,3705.2958630632056
VOMS Project,NT$,1303.6411129018252
VOMS Project,Other,2743.05173191461
VOMS Project,SGD,1050.0011249842428
VOMS Project,USD,23439.95
VReverie,AUD,847.4602517163958
VReverie,CAD,5259.0650504997075
VReverie,EUR,5888.12937
VReverie,GBP,3048.7303632941284
VReverie,HKD,85.81657277859362
VReverie,JPY,476.4499275068231
VReverie,KRW,74.23007858730307
VReverie,NT$,0.4929508035098085
VReverie,Other,1909.2724512020795
VReverie,SGD,1529.0095393827544
VReverie,USD,38843.62
VSPO!,AUD,1259.9174086070766
VSPO!,CAD,67.86049607757852
VSPO!,EUR,302.15784099999996
VSPO!,GBP,524.487634227058
VSPO!,HKD,7504.0977532384
VSPO!,JPY,713004.4043661729
VSPO!,KRW,3120.76857051198
VSPO!,NT$,6318.647112380004
VSPO!,Other,3970.448743057519
VSPO!,SGD,489.17262063829196
VSPO!,USD,4158.26
VShojo,AUD,5393.028032538527
VShojo,CAD,10242.218650228355
VShojo,EUR,14276.272872
VShojo,GBP,7096.824094609611
VShojo,HKD,47837.186269784135
VShojo,JPY,802200.1330306196
VShojo,KRW,4889.356902668745
VShojo,NT$,47613.132548867055
VShojo,Other,20987.00305947116
VShojo,SGD,6541.0329503731655
VShojo,USD,79322.8
VTBR,Other,1185.6961582869233
VTory,AUD,6.7945087416892385
VTory,JPY,66.67861934566379
VTory,KRW,17.386804869323832
VTory,Other,1324.4679752295692
Varium,AUD,93.53931258705347
Varium,CAD,1.4783457384928935
Varium,EUR,1166.293949
Varium,GBP,17.140572958005713
Varium,HKD,111.44212821671624
Varium,JPY,128682.5752597971
Varium,KRW,2897.585480032339
Varium,NT$,321.12962748814067
Varium,Other,130.55555250670272
Varium,USD,103.47
ViViD,AUD,1757.705539418776
ViViD,CAD,409.9658928671435
ViViD,EUR,1190.303179
ViViD,GBP,1825.1935106628903
ViViD,HKD,839.5471728589578
ViViD,JPY,323870.2725829444
ViViD,KRW,86.76595687900172
ViViD,NT$,1529.010074348762
ViViD,Other,14534.850175189842
ViViD,SGD,1797.606499833512
ViViD,USD,9673.91
Vic inc.,EUR,58.845000000000006
Vic inc.,JPY,228.84310617411666
Vic inc.,NT$,1.022564591996727
Virtual Avex,JPY,551.8492266680224
Virtual Avex,KRW,3.8370058702755854
Virtual Avex,NT$,5.902510404831222
Virtual Avex,USD,1.49
Virtual Land,EUR,8.391
Virtual Land,JPY,5.833991616959536
Virtual Land,Other,851.3140477284406
Virtual Land,USD,203.99
Virtual Streamers Worldwide,CAD,1.4539788705631982
Virtual Streamers Worldwide,EUR,4.7825
Virtual Streamers Worldwide,GBP,61.458102539105774
Virtual Streamers Worldwide,Other,52.04109635971665
Virtual Streamers Worldwide,USD,507.41999999999996
Virtual eSports Project,AUD,20659.98786540512
Virtual eSports Project,CAD,3030.84375983877
Virtual eSports Project,EUR,1667.716098
Virtual eSports Project,GBP,529.8862796536067
Virtual eSports Project,HKD,17883.296434397278
Virtual eSports Project,JPY,1584039.4500264183
Virtual eSports Project,KRW,4112.809085753632
Virtual eSports Project,NT$,19834.939003790125
Virtual eSports Project,Other,10519.393544732613
Virtual eSports Project,SGD,2186.0764773026103
Virtual eSports Project,USD,9542.73
Virtunix,AUD,33.736369467607446
Virtunix,Other,5.338554725568999
Vtopia Project,Other,16.183489998713487
WACTOR,AUD,1919.3304957107428
WACTOR,CAD,200.51489208135874
WACTOR,EUR,16597.579058
WACTOR,GBP,1251.9203702842224
WACTOR,HKD,196.74951233229731
WACTOR,JPY,13048.977737097144
WACTOR,KRW,7.6808127961307004
WACTOR,NT$,86.43970307507541
WACTOR,Other,91038.93915457476
WACTOR,SGD,10.967183042067187
WACTOR,USD,33752.509999999995
WE Liver's,EUR,8.7218
WE Liver's,Other,69.1403985123432
WFLE,HKD,6.372199315623375
WFLE,JPY,5985.2852709793315
WFLE,NT$,1.071887951979417
WFLE,USD,180.0
WePlanet,AUD,15.990714211377014
WePlanet,CAD,58.38421513787201
WePlanet,EUR,533.911696
WePlanet,GBP,362.56733846703406
WePlanet,HKD,3.2247188624948233
WePlanet,JPY,530.0891856061352
WePlanet,KRW,30.147316793991727
WePlanet,NT$,68.23414036975672
WePlanet,Other,9428.99560779978
WePlanet,SGD,18.694254252119833
WePlanet,USD,1713.77
Wright Flyer Live Entertainment,JPY,232.5380333451153
Xekin Project (formerly),Other,19.684284515708597
Yahoo,AUD,796.8174424200436
Yahoo,CAD,220.18509980516626
Yahoo,EUR,103.71962
Yahoo,GBP,42.7795341104296
Yahoo,HKD,9085.52499428539
Yahoo,JPY,8668.26175569809
Yahoo,KRW,8.33045179991613
Yahoo,NT$,89423.19637462149
Yahoo,Other,866.8721150055227
Yahoo,SGD,172.1494571780424
Yahoo,USD,549.13
Yashin Live,Other,4.648412053132952
Yashin Live,USD,55.0
Yokomeshi,AUD,157.0924486052444
Yokomeshi,CAD,60.92096711854025
Yokomeshi,EUR,147.1995
Yokomeshi,GBP,457.8706835772067
Yokomeshi,JPY,4.823943661971831
Yokomeshi,Other,373.38848666819945
Yokomeshi,USD,1610.51
Yume Reality,AUD,45.46550315894652
Yume Reality,CAD,9.173538251254257
Yume Reality,EUR,2.39
Yume Reality,GBP,20.598604064266098
Yume Reality,HKD,1.2879550547202288
Yume Reality,JPY,270.1253802868274
Yume Reality,KRW,430.8680054814637
Yume Reality,NT$,8.415554358551088
Yume Reality,Other,1283.5088726725012
Yume Reality,SGD,37.0198422042876
Yume Reality,USD,53.96
Yuno Production,AUD,3054.8922482739645
Yuno Production,CAD,793.8789890786096
Yuno Production,GBP,71.17599987569031
Yuno Production,JPY,2553.744209951399
Yuno Production,KRW,78.7059225683822
Yuno Production,Other,2395.8514367727976
Yuno Production,SGD,33.55053239185382
Yuno Production,USD,2405.94
Yuuhei Satellite,EUR,10.878
Yuuhei Satellite,GBP,7.074600870827286
Yuuhei Satellite,HKD,10.884468708310443
Yuuhei Satellite,JPY,15441.579380003726
Yuuhei Satellite,KRW,67.3707261497628
Yuuhei Satellite,NT$,300.655709769272
Yuuhei Satellite,Other,55.43974523753008
Yuuhei Satellite,USD,5.0
ZIG,JPY,5.5415168355671796
ZIG,USD,10.0
ec19projekt,Other,1.302578382286005
h!mawari Project,JPY,6.004955947136564
h!mawari Project,Other,66.38450999603921
h!mawari Project,USD,9.98
hololive,AUD,167249.17539148437
hololive,CAD,210129.4392263644
hololive,EUR,215857.836976
hololive,GBP,178832.8265910341
hololive,HKD,639771.525027573
hololive,JPY,23492099.58260716
hololive,KRW,346682.42967060464
hololive,NT$,1554842.907205996
hololive,Other,451289.76552483876
hololive,SGD,223887.27101183505
hololive,USD,1576227.46
hololive English,AUD,175083.4844339305
hololive English,CAD,337092.6899535556
hololive English,EUR,185856.649652
hololive English,GBP,126564.14782774812
hololive English,HKD,83757.89139109579
hololive English,JPY,228121.3900967471
hololive English,KRW,222693.2024746135
hololive English,NT$,180051.34207571938
hololive English,Other,323807.6069543987
hololive English,SGD,123786.10916994893
hololive English,USD,3363102.67
hololive Indonesia,AUD,21439.91448476235
hololive Indonesia,CAD,34661.1663526839
hololive Indonesia,EUR,84676.325146
hololive Indonesia,GBP,27345.45834246064
hololive Indonesia,HKD,12061.47727344413
hololive Indonesia,JPY,132104.75012476274
hololive Indonesia,KRW,60449.54070835929
hololive Indonesia,NT$,47997.03045397596
hololive Indonesia,Other,201996.03743876415
hololive Indonesia,SGD,34604.47063320239
hololive Indonesia,USD,448286.24
idol Corp,AUD,3576.130190434352
idol Corp,CAD,4311.238056094338
idol Corp,EUR,4919.90048
idol Corp,GBP,7530.502583852182
idol Corp,HKD,230.69919931864374
idol Corp,JPY,2261.9315852850164
idol Corp,KRW,145.84390286856743
idol Corp,NT$,118.7294103586213
idol Corp,Other,12474.539444174814
idol Corp,SGD,212.32971492701563
idol Corp,USD,61539.420000000006
kawaii,AUD,16364.434500284622
kawaii,CAD,11027.431783953518
kawaii,EUR,6328.083627
kawaii,GBP,4834.274518085887
kawaii,HKD,48.55992656790938
kawaii,JPY,3898.185683287524
kawaii,KRW,329.0319306749788
kawaii,NT$,674.4043003714806
kawaii,Other,14309.201498368035
kawaii,SGD,2120.6765477894546
kawaii,USD,92199.25
lucid Multimedia,AUD,148.55711559429346
lucid Multimedia,CAD,560.2137358302557
lucid Multimedia,EUR,155.49378199999998
lucid Multimedia,GBP,109.22330680109874
lucid Multimedia,JPY,45.26268623663334
lucid Multimedia,Other,721.0854759056581
lucid Multimedia,USD,3927.56
nullptr::live,AUD,65.62464891375151
nullptr::live,CAD,223.42785762996596
nullptr::live,EUR,431.39755
nullptr::live,GBP,133.71665067326333
nullptr::live,JPY,105.66114901887909
nullptr::live,KRW,2.9803210859739027
nullptr::live,NT$,14.602776816000713
nullptr::live,Other,378.1783259952508
nullptr::live,SGD,13.816264625162502
nullptr::live,USD,1881.18
unicreate,AUD,41.631210478602085
unicreate,CAD,20.75613079019074
unicreate,EUR,1164.265357
unicreate,GBP,26.542667511480587
unicreate,HKD,809.8842858718178
unicreate,JPY,106212.0765119524
unicreate,KRW,161.584034186272
unicreate,NT$,336.850831733427
unicreate,Other,83.8221473086425
unicreate,SGD,34.43743346555518
unicreate,USD,877.0
upd8,AUD,518.3829138975935
upd8,CAD,603.4724558956264
upd8,EUR,215.9414
upd8,GBP,265.51762248884125
upd8,HKD,3432.870377058626
upd8,JPY,534756.085534703
upd8,KRW,895.0569475074835
upd8,NT$,1609.5498693053964
upd8,Other,869.0231479546069
upd8,SGD,122.46516834449
upd8,USD,9590.85
upnation-ntv,AUD,26.321448013064778
upnation-ntv,EUR,42.427
upnation-ntv,HKD,175.69351841835692
upnation-ntv,JPY,33357.54423357838
upnation-ntv,KRW,620.0752491725639
upnation-ntv,NT$,186.12587131730592
upnation-ntv,Other,21.603601813764893
upnation-ntv,SGD,17.834161259276485
upnation-ntv,USD,601.73
まふまふの何でも屋さん,EUR,6.943976000000001
まふまふの何でも屋さん,JPY,8125.400779108914
まふまふの何でも屋さん,KRW,1.4116080667452986
まふまふの何でも屋さん,NT$,12.143085697158545
まふまふの何でも屋さん,Other,18.648395621812668
まふまふの何でも屋さん,SGD,5.1499038138158335
まふまふの何でも屋さん,USD,21.9
天江家,AUD,97.77196025134307
天江家,CAD,2.308839094524319
天江家,EUR,12.367656000000002
天江家,HKD,2.294932756055368
天江家,JPY,8067.118517803047
天江家,KRW,1.6099329318674118
天江家,NT$,19.82276030268802
天江家,Other,1.5785585942585332
天江家,SGD,7.408802399386204
天江家,USD,16.0
